chrom	pos	ref	alt	sample_id	transcript_id	gene_symbol	cdna_change	protein_change	impact	type_index
chr1	36	C	G	1	T001.1	TOY1	c.4C>G	p.R2G	mis	266
chr1	36	C	G	1	T001.2	TOY1	c.4C>G	p.R2G	mis	266
chr1	36	C	T	2	T001.1	TOY1	c.4C>T	p.R2*	sos	474
chr1	36	C	T	2	T001.2	TOY1	c.4C>T	p.R2*	sos	474
chr1	42	C	A	1	T001.1	TOY1	c.10C>A	p.R4S	mis	250
chr1	42	C	A	1	T001.2	TOY1	c.10C>A	p.R4S	mis	250
chr1	43	G	A	1	T001.1	TOY1	c.11G>A	p.R4H	mis	293
chr1	43	G	A	1	T001.2	TOY1	c.11G>A	p.R4H	mis	293
chr1	44	C	G	0	T001.1	TOY1	c.12C>G	p.R4=	syn	75
chr1	44	C	G	0	T001.2	TOY1	c.12C>G	p.R4=	syn	75
chr1	44	C	T	0	T001.1	TOY1	c.12C>T	p.R4=	syn	91
chr1	44	C	T	0	T001.2	TOY1	c.12C>T	p.R4=	syn	91
chr1	44	C	A	0	T001.1	TOY1	c.12C>A	p.R4=	syn	59
chr1	44	C	A	0	T001.2	TOY1	c.12C>A	p.R4=	syn	59
chr1	48	G	A	3	T001.1	TOY1	c.15+1G>A	p.?	spl	679
chr1	48	G	A	3	T001.2	TOY1	c.15+1G>A	p.?	spl	679
chr1	49	T	A	3	T001.1	TOY1	c.15+2T>A	p.?	spl	728
chr1	49	T	A	3	T001.2	TOY1	c.15+2T>A	p.?	spl	728
chr1	60	A	T	3	T001.1	TOY1	c.16-2A>T	p.?	spl	614
chr1	60	A	T	3	T001.2	TOY1	c.16-2A>T	p.?	spl	614
chr1	61	G	A	3	T001.1	TOY1	c.16-1G>A	p.?	spl	673
chr1	61	G	A	3	T001.2	TOY1	c.16-1G>A	p.?	spl	673
chr1	79	G	A	3	T001.1	TOY1	c.32+1G>A	p.?	spl	675
chr1	79	G	A	3	T001.2	TOY1	c.32+1G>A	p.?	spl	675
chr1	80	T	A	3	T001.1	TOY1	c.32+2T>A	p.?	spl	730
chr1	80	T	A	3	T001.2	TOY1	c.32+2T>A	p.?	spl	730
chr1	94	A	T	3	T001.1	TOY1	c.33-2A>T	p.?	spl	614
chr1	94	A	T	3	T001.2	TOY1	c.33-2A>T	p.?	spl	614
chr1	95	G	A	3	T001.1	TOY1	c.33-1G>A	p.?	spl	672
chr1	95	G	A	3	T001.2	TOY1	c.33-1G>A	p.?	spl	672
chr1	161	A	T	3	T001.1	TOY1	c.73-2A>T	p.?	spl	614
chr1	162	G	T	3	T001.1	TOY1	c.73-1G>T	p.?	spl	704
chr1	194	A	T	3	T001.2	TOY1	c.73-2A>T	p.?	spl	614
chr1	195	G	T	3	T001.2	TOY1	c.73-1G>T	p.?	spl	707
chr1	68	A	T	2	T001.1	TOY1	c.22A>T	p.K8*	sos	424
chr1	68	A	T	2	T001.2	TOY1	c.22A>T	p.K8*	sos	424
chr1	106	A	T	2	T001.1	TOY1	c.43A>T	p.K15*	sos	424
chr1	106	A	T	2	T001.2	TOY1	c.43A>T	p.K15*	sos	424
chr1	144	A	T	2	T001.1	TOY1	c.67A>T	p.K23*	sos	420
chr1	144	A	T	2	T001.2	TOY1	c.67A>T	p.K23*	sos	420
chr1	163	A	T	2	T001.1	TOY1	c.73A>T	p.K25*	sos	424
chr1	199	A	T	2	T001.2	TOY1	c.76A>T	p.K26*	sos	428
chr1	77	A	G	1	T001.1	TOY1	c.31A>G	p.K11E	mis	212
chr1	77	A	G	1	T001.2	TOY1	c.31A>G	p.K11E	mis	212
chr1	78	A	C	1	T001.1	TOY1	c.32A>C	p.K11T	mis	194
chr1	78	A	C	1	T001.2	TOY1	c.32A>C	p.K11T	mis	194
chr1	96	A	G	0	T001.1	TOY1	c.33A>G	p.R11=	syn	26
chr1	96	A	G	0	T001.2	TOY1	c.33A>G	p.R11=	syn	26
chr1	96	A	C	1	T001.1	TOY1	c.33A>C	p.R11S	mis	202
chr1	96	A	C	1	T001.2	TOY1	c.33A>C	p.R11S	mis	202
chr1	96	A	T	1	T001.1	TOY1	c.33A>T	p.R11S	mis	234
chr1	96	A	T	1	T001.2	TOY1	c.33A>T	p.R11S	mis	234
chr1	96	A	T	1	T001.1	TOY1	c.33A>T	p.R11S	mis	234
chr1	96	A	T	1	T001.2	TOY1	c.33A>T	p.R11S	mis	234
chr1	118	C	G	1	T001.1	TOY1	c.55C>G	p.P19A	mis	270
chr1	118	C	G	1	T001.2	TOY1	c.55C>G	p.P19A	mis	270
chr1	133	C	G	1	T001.1	TOY1	c.56C>G	p.A19G	mis	265
chr1	133	C	G	1	T001.2	TOY1	c.56C>G	p.A19G	mis	265
chr1	134	C	G	0	T001.1	TOY1	c.57C>G	p.A19=	syn	71
chr1	134	C	G	0	T001.2	TOY1	c.57C>G	p.A19=	syn	71
chr1	138	G	T	1	T001.1	TOY1	c.61G>T	p.G21W	mis	334
chr1	138	G	T	1	T001.2	TOY1	c.61G>T	p.G21W	mis	334
chr1	139	G	T	1	T001.1	TOY1	c.62G>T	p.G21V	mis	330
chr1	139	G	T	1	T001.2	TOY1	c.62G>T	p.G21V	mis	330
chr1	140	G	T	0	T001.1	TOY1	c.63G>T	p.G21=	syn	137
chr1	140	G	T	0	T001.2	TOY1	c.63G>T	p.G21=	syn	137
chr1	202	C	T	1	T001.2	TOY1	c.79C>T	p.P27S	mis	273
chr1	203	C	T	1	T001.2	TOY1	c.80C>T	p.P27L	mis	277
chr1	204	C	T	0	T001.2	TOY1	c.81C>T	p.P27=	syn	87
chr1	177	G	A	0	T001.1	TOY1	c.87G>A	p.*29=	syn	97
chr1	207	A	G	0	T001.2	TOY1	c.84A>G	p.*28=	syn	18
chr2	189	G	C	1	T002.1	TOY2	c.4C>G	p.R2G	mis	266
chr2	189	G	C	1	T002.2	TOY2	c.4C>G	p.R2G	mis	266
chr2	189	G	A	2	T002.1	TOY2	c.4C>T	p.R2*	sos	474
chr2	189	G	A	2	T002.2	TOY2	c.4C>T	p.R2*	sos	474
chr2	181	G	C	0	T002.1	TOY2	c.12C>G	p.R4=	syn	75
chr2	181	G	C	0	T002.2	TOY2	c.12C>G	p.R4=	syn	75
chr2	181	G	T	0	T002.1	TOY2	c.12C>A	p.R4=	syn	59
chr2	181	G	T	0	T002.2	TOY2	c.12C>A	p.R4=	syn	59
chr2	181	G	A	0	T002.1	TOY2	c.12C>T	p.R4=	syn	91
chr2	181	G	A	0	T002.2	TOY2	c.12C>T	p.R4=	syn	91
chr2	182	C	A	1	T002.1	TOY2	c.11G>T	p.R4L	mis	325
chr2	182	C	A	1	T002.2	TOY2	c.11G>T	p.R4L	mis	325
chr2	183	G	A	1	T002.1	TOY2	c.10C>T	p.R4C	mis	282
chr2	183	G	A	1	T002.2	TOY2	c.10C>T	p.R4C	mis	282
chr2	176	A	T	3	T002.1	TOY2	c.15+2T>A	p.?	spl	728
chr2	176	A	T	3	T002.2	TOY2	c.15+2T>A	p.?	spl	728
chr2	177	C	T	3	T002.1	TOY2	c.15+1G>A	p.?	spl	679
chr2	177	C	T	3	T002.2	TOY2	c.15+1G>A	p.?	spl	679
chr2	164	C	T	3	T002.1	TOY2	c.16-1G>A	p.?	spl	673
chr2	164	C	T	3	T002.2	TOY2	c.16-1G>A	p.?	spl	673
chr2	165	T	A	3	T002.1	TOY2	c.16-2A>T	p.?	spl	614
chr2	165	T	A	3	T002.2	TOY2	c.16-2A>T	p.?	spl	614
chr2	145	A	T	3	T002.1	TOY2	c.32+2T>A	p.?	spl	730
chr2	145	A	T	3	T002.2	TOY2	c.32+2T>A	p.?	spl	730
chr2	146	C	T	3	T002.1	TOY2	c.32+1G>A	p.?	spl	675
chr2	146	C	T	3	T002.2	TOY2	c.32+1G>A	p.?	spl	675
chr2	130	C	T	3	T002.1	TOY2	c.33-1G>A	p.?	spl	672
chr2	130	C	T	3	T002.2	TOY2	c.33-1G>A	p.?	spl	672
chr2	131	T	A	3	T002.1	TOY2	c.33-2A>T	p.?	spl	614
chr2	131	T	A	3	T002.2	TOY2	c.33-2A>T	p.?	spl	614
chr2	63	C	A	3	T002.1	TOY2	c.73-1G>T	p.?	spl	704
chr2	64	T	A	3	T002.1	TOY2	c.73-2A>T	p.?	spl	614
chr2	30	C	A	3	T002.2	TOY2	c.73-1G>T	p.?	spl	707
chr2	31	T	A	3	T002.2	TOY2	c.73-2A>T	p.?	spl	614
chr2	157	T	A	2	T002.1	TOY2	c.22A>T	p.K8*	sos	424
chr2	157	T	A	2	T002.2	TOY2	c.22A>T	p.K8*	sos	424
chr2	119	T	A	2	T002.1	TOY2	c.43A>T	p.K15*	sos	424
chr2	119	T	A	2	T002.2	TOY2	c.43A>T	p.K15*	sos	424
chr2	81	T	A	2	T002.1	TOY2	c.67A>T	p.K23*	sos	420
chr2	81	T	A	2	T002.2	TOY2	c.67A>T	p.K23*	sos	420
chr2	62	T	A	2	T002.1	TOY2	c.73A>T	p.K25*	sos	424
chr2	26	T	A	2	T002.2	TOY2	c.76A>T	p.K26*	sos	428
chr2	147	T	C	1	T002.1	TOY2	c.32A>G	p.K11R	mis	210
chr2	147	T	C	1	T002.2	TOY2	c.32A>G	p.K11R	mis	210
chr2	148	T	G	1	T002.1	TOY2	c.31A>C	p.K11Q	mis	196
chr2	148	T	G	1	T002.2	TOY2	c.31A>C	p.K11Q	mis	196
chr2	129	T	C	0	T002.1	TOY2	c.33A>G	p.R11=	syn	26
chr2	129	T	C	0	T002.2	TOY2	c.33A>G	p.R11=	syn	26
chr2	129	T	G	1	T002.1	TOY2	c.33A>C	p.R11S	mis	202
chr2	129	T	G	1	T002.2	TOY2	c.33A>C	p.R11S	mis	202
chr2	129	T	A	1	T002.1	TOY2	c.33A>T	p.R11S	mis	234
chr2	129	T	A	1	T002.2	TOY2	c.33A>T	p.R11S	mis	234
chr2	107	G	C	1	T002.1	TOY2	c.55C>G	p.P19A	mis	270
chr2	107	G	C	1	T002.2	TOY2	c.55C>G	p.P19A	mis	270
chr2	92	G	C	1	T002.1	TOY2	c.56C>G	p.A19G	mis	265
chr2	92	G	C	1	T002.2	TOY2	c.56C>G	p.A19G	mis	265
chr2	91	G	C	0	T002.1	TOY2	c.57C>G	p.A19=	syn	71
chr2	91	G	C	0	T002.2	TOY2	c.57C>G	p.A19=	syn	71
chr2	87	C	A	1	T002.1	TOY2	c.61G>T	p.G21W	mis	334
chr2	87	C	A	1	T002.2	TOY2	c.61G>T	p.G21W	mis	334
chr2	86	C	A	1	T002.1	TOY2	c.62G>T	p.G21V	mis	330
chr2	86	C	A	1	T002.2	TOY2	c.62G>T	p.G21V	mis	330
chr2	85	C	A	0	T002.1	TOY2	c.63G>T	p.G21=	syn	137
chr2	85	C	A	0	T002.2	TOY2	c.63G>T	p.G21=	syn	137
chr2	23	G	A	1	T002.2	TOY2	c.79C>T	p.P27S	mis	273
chr2	22	G	A	1	T002.2	TOY2	c.80C>T	p.P27L	mis	277
chr2	21	G	A	0	T002.2	TOY2	c.81C>T	p.P27=	syn	87
